{"cameraMode":{"drawMode":0,"name":"Shaded","section":"Shading Mode"},"sceneLighting":true,"audioPlay":false,"sceneViewState":{"m_AlwaysRefresh":false,"showFog":true,"showSkybox":true,"showFlares":true,"showImageEffects":true,"showParticleSystems":true,"showVisualEffectGraphs":true,"m_FxEnabled":true},"in2DMode":false,"pivot":{"x":2.7546236515045168,"y":1.1947320699691773,"z":3.4853086471557619},"rotation":{"x":-0.02355485036969185,"y":-0.686091959476471,"z":0.022236604243516923,"w":-0.726801335811615},"size":1.1952276229858399,"orthographic":false}